StudentID,Name,Gender,Age,Country,RegistrationDate,Occupation
S0001,Student 1,Male,29,UAE,2024-06-16,Engineer
S0002,Student 2,Female,26,Egypt,2024-01-22,Teacher
S0003,Student 3,Female,34,Lebanon,2023-03-16,Teacher
S0004,Student 4,Female,24,Egypt,2025-01-18,Engineer
S0005,Student 5,Male,25,Egypt,2023-10-04,Employee
S0006,Student 6,Female,28,Iraq,2024-06-04,Employee
S0007,Student 7,Male,27,Morocco,2024-09-12,Student
S0008,Student 8,Female,27,Syria,2023-09-09,Unemployed
S0009,Student 9,Male,46,Saudi Arabia,2024-09-28,Student
S0010,Student 10,Male,25,Saudi Arabia,2024-02-21,Freelancer
S0011,Student 11,Male,28,Saudi Arabia,2023-02-02,Employee
S0012,Student 12,Male,20,Egypt,2023-05-17,Engineer
S0013,Student 13,Male,29,Saudi Arabia,2023-08-16,Teacher
S0014,Student 14,Male,22,Lebanon,2023-05-29,Teacher
S0015,Student 15,Female,48,Egypt,2024-12-08,Employee
S0016,Student 16,Male,36,Iraq,2023-12-31,Employee
S0017,Student 17,Male,22,Lebanon,2025-02-27,Employee
S0018,Student 18,Male,50,Saudi Arabia,2024-03-26,Employee
S0019,Student 19,Male,46,UAE,2024-02-04,Employee
S0020,Student 20,Male,37,Iraq,2024-06-02,Teacher
S0021,Student 21,Female,41,Morocco,2025-01-15,Employee
S0022,Student 22,Female,33,Oman,2024-06-08,Freelancer
S0023,Student 23,Female,42,Algeria,2023-10-03,Engineer
S0024,Student 24,Female,45,Saudi Arabia,2024-05-04,Employee
S0025,Student 25,Female,24,Morocco,2024-05-08,Employee
S0026,Student 26,Male,19,Oman,2023-04-21,Freelancer
S0027,Student 27,Male,39,Iraq,2024-07-07,Unemployed
S0028,Student 28,Female,37,Egypt,2023-03-21,Freelancer
S0029,Student 29,Female,31,Syria,2024-08-18,Teacher
S0030,Student 30,Male,32,Algeria,2023-06-03,Unemployed
S0031,Student 31,Female,33,Egypt,2023-11-23,Student
S0032,Student 32,Female,46,Morocco,2024-11-08,Freelancer
S0033,Student 33,Female,26,Algeria,2023-03-03,Engineer
S0034,Student 34,Female,25,Oman,2025-06-08,Employee
S0035,Student 35,Female,43,Egypt,2023-10-09,Teacher
S0036,Student 36,Female,33,Syria,2023-10-08,Unemployed
S0037,Student 37,Male,25,Lebanon,2025-05-02,Teacher
S0038,Student 38,Female,47,Algeria,2023-03-29,Engineer
S0039,Student 39,Female,31,Jordan,2023-01-17,Student
S0040,Student 40,Female,28,Algeria,2023-03-23,Employee
S0041,Student 41,Male,21,Algeria,2025-02-08,Student
S0042,Student 42,Male,18,UAE,2024-01-10,Employee
S0043,Student 43,Female,40,Lebanon,2024-08-16,Unemployed
S0044,Student 44,Male,40,Syria,2024-07-30,Freelancer
S0045,Student 45,Female,36,Egypt,2024-11-17,Unemployed
S0046,Student 46,Male,18,UAE,2025-05-25,Freelancer
S0047,Student 47,Female,25,UAE,2023-05-06,Student
S0048,Student 48,Female,40,Egypt,2023-09-12,Student
S0049,Student 49,Female,40,Lebanon,2023-02-26,Teacher
S0050,Student 50,Female,20,Syria,2023-11-10,Engineer
S0051,Student 51,Female,47,UAE,2023-03-15,Employee
S0052,Student 52,Male,38,Egypt,2025-03-10,Freelancer
S0053,Student 53,Male,33,Lebanon,2023-01-26,Freelancer
S0054,Student 54,Female,27,Lebanon,2024-12-16,Student
S0055,Student 55,Male,49,Saudi Arabia,2025-06-13,Freelancer
S0056,Student 56,Male,40,Jordan,2025-01-08,Unemployed
S0057,Student 57,Female,41,Jordan,2024-04-27,Engineer
S0058,Student 58,Male,27,Egypt,2024-03-14,Unemployed
S0059,Student 59,Male,50,Saudi Arabia,2023-07-04,Teacher
S0060,Student 60,Female,42,Jordan,2024-02-08,Engineer
S0061,Student 61,Female,35,UAE,2023-08-12,Engineer
S0062,Student 62,Female,35,Oman,2024-10-23,Unemployed
S0063,Student 63,Female,40,Lebanon,2023-12-23,Engineer
S0064,Student 64,Female,37,Egypt,2023-08-18,Student
S0065,Student 65,Female,34,Jordan,2024-11-28,Student
S0066,Student 66,Female,40,Syria,2025-01-22,Employee
S0067,Student 67,Female,22,Lebanon,2024-07-10,Freelancer
S0068,Student 68,Female,20,Morocco,2025-06-12,Engineer
S0069,Student 69,Male,35,Oman,2025-06-17,Freelancer
S0070,Student 70,Female,20,Saudi Arabia,2025-05-17,Employee
S0071,Student 71,Female,33,Iraq,2025-02-08,Freelancer
S0072,Student 72,Female,26,Syria,2023-09-17,Unemployed
S0073,Student 73,Female,37,Syria,2024-05-30,Freelancer
S0074,Student 74,Male,49,Oman,2025-04-08,Student
S0075,Student 75,Female,35,Egypt,2023-06-15,Employee
S0076,Student 76,Female,27,UAE,2023-08-28,Engineer
S0077,Student 77,Female,38,Algeria,2023-11-01,Student
S0078,Student 78,Male,25,Oman,2023-03-07,Teacher
S0079,Student 79,Female,25,Saudi Arabia,2023-11-12,Student
S0080,Student 80,Female,44,UAE,2023-12-15,Engineer
S0081,Student 81,Female,43,Saudi Arabia,2024-07-12,Employee
S0082,Student 82,Female,39,Iraq,2024-10-21,Freelancer
S0083,Student 83,Female,20,Saudi Arabia,2023-03-26,Student
S0084,Student 84,Female,19,UAE,2024-07-18,Engineer
S0085,Student 85,Male,46,Algeria,2024-04-02,Freelancer
S0086,Student 86,Male,26,Lebanon,2025-04-09,Employee
S0087,Student 87,Female,44,Saudi Arabia,2024-11-29,Employee
S0088,Student 88,Male,20,Lebanon,2023-01-12,Engineer
S0089,Student 89,Female,44,Oman,2023-06-27,Freelancer
S0090,Student 90,Male,42,Syria,2023-07-06,Teacher
S0091,Student 91,Female,20,Saudi Arabia,2024-07-20,Unemployed
S0092,Student 92,Female,37,Syria,2025-02-02,Engineer
S0093,Student 93,Male,23,Jordan,2024-12-28,Teacher
S0094,Student 94,Male,47,Egypt,2023-03-23,Employee
S0095,Student 95,Male,22,Algeria,2023-12-15,Student
S0096,Student 96,Female,31,Iraq,2023-08-12,Freelancer
S0097,Student 97,Male,47,Algeria,2023-02-08,Teacher
S0098,Student 98,Female,24,Algeria,2023-09-19,Engineer
S0099,Student 99,Female,32,Oman,2023-11-27,Student
S0100,Student 100,Male,44,Egypt,2023-10-06,Engineer
S0101,Student 101,Female,26,Iraq,2023-12-19,Student
S0102,Student 102,Male,30,Morocco,2024-01-27,Freelancer
S0103,Student 103,Male,25,Syria,2025-04-03,Unemployed
S0104,Student 104,Male,19,Jordan,2023-10-21,Employee
S0105,Student 105,Female,46,Oman,2025-03-19,Engineer
S0106,Student 106,Female,50,Algeria,2023-12-18,Teacher
S0107,Student 107,Male,38,Algeria,2023-09-19,Teacher
S0108,Student 108,Male,26,Lebanon,2024-12-25,Student
S0109,Student 109,Male,31,Algeria,2024-05-05,Employee
S0110,Student 110,Female,44,Saudi Arabia,2024-01-04,Employee
S0111,Student 111,Male,46,Syria,2023-12-19,Engineer
S0112,Student 112,Female,28,Egypt,2024-07-25,Employee
S0113,Student 113,Male,20,Lebanon,2025-03-29,Freelancer
S0114,Student 114,Female,31,Lebanon,2023-07-26,Employee
S0115,Student 115,Female,38,Iraq,2023-07-24,Teacher
S0116,Student 116,Male,42,UAE,2025-05-06,Freelancer
S0117,Student 117,Male,32,Jordan,2023-03-08,Student
S0118,Student 118,Female,26,UAE,2024-10-10,Engineer
S0119,Student 119,Male,50,Lebanon,2025-06-19,Unemployed
S0120,Student 120,Male,24,Algeria,2024-08-24,Employee
S0121,Student 121,Female,32,Egypt,2023-01-20,Teacher
S0122,Student 122,Male,35,Saudi Arabia,2023-06-07,Unemployed
S0123,Student 123,Male,37,Syria,2023-03-18,Employee
S0124,Student 124,Female,39,Oman,2023-06-09,Employee
S0125,Student 125,Female,38,Oman,2024-01-11,Student
S0126,Student 126,Female,49,Jordan,2023-01-29,Unemployed
S0127,Student 127,Male,46,Morocco,2024-06-18,Student
S0128,Student 128,Male,26,Saudi Arabia,2024-07-11,Freelancer
S0129,Student 129,Male,33,UAE,2023-10-24,Unemployed
S0130,Student 130,Female,33,Iraq,2023-05-13,Engineer
S0131,Student 131,Male,42,UAE,2025-03-18,Student
S0132,Student 132,Female,40,Jordan,2024-06-05,Unemployed
S0133,Student 133,Female,29,Iraq,2025-05-19,Engineer
S0134,Student 134,Female,29,Saudi Arabia,2025-06-05,Teacher
S0135,Student 135,Female,43,Morocco,2024-07-08,Freelancer
S0136,Student 136,Female,50,Syria,2025-02-11,Employee
S0137,Student 137,Male,32,Algeria,2024-07-07,Teacher
S0138,Student 138,Male,33,UAE,2024-06-05,Employee
S0139,Student 139,Female,27,Algeria,2024-07-10,Engineer
S0140,Student 140,Male,38,Jordan,2025-03-07,Freelancer
S0141,Student 141,Male,38,Algeria,2024-11-10,Engineer
S0142,Student 142,Male,31,Syria,2024-12-01,Unemployed
S0143,Student 143,Female,50,Algeria,2023-02-23,Engineer
S0144,Student 144,Male,36,Saudi Arabia,2023-07-09,Teacher
S0145,Student 145,Female,48,Saudi Arabia,2023-12-12,Teacher
S0146,Student 146,Male,32,Syria,2023-05-28,Engineer
S0147,Student 147,Male,40,Morocco,2023-12-16,Unemployed
S0148,Student 148,Male,49,Morocco,2023-10-15,Employee
S0149,Student 149,Female,27,Lebanon,2023-08-07,Student
S0150,Student 150,Male,21,Saudi Arabia,2023-03-11,Employee
S0151,Student 151,Female,37,Egypt,2024-09-20,Employee
S0152,Student 152,Female,28,Egypt,2024-10-12,Teacher
S0153,Student 153,Male,43,Egypt,2023-05-21,Employee
S0154,Student 154,Male,21,Syria,2024-08-06,Unemployed
S0155,Student 155,Female,45,Algeria,2024-07-06,Engineer
S0156,Student 156,Female,25,Syria,2024-04-14,Unemployed
S0157,Student 157,Male,43,Syria,2025-02-07,Teacher
S0158,Student 158,Male,46,Egypt,2024-05-16,Employee
S0159,Student 159,Male,42,UAE,2023-03-01,Student
S0160,Student 160,Male,47,Saudi Arabia,2025-02-28,Student
S0161,Student 161,Female,20,Iraq,2023-05-13,Unemployed
S0162,Student 162,Male,29,Lebanon,2024-10-01,Student
S0163,Student 163,Male,41,Iraq,2023-01-05,Teacher
S0164,Student 164,Male,28,Oman,2023-08-05,Unemployed
S0165,Student 165,Male,44,Egypt,2024-07-19,Freelancer
S0166,Student 166,Female,43,Syria,2024-06-09,Teacher
S0167,Student 167,Male,37,Algeria,2024-11-05,Student
S0168,Student 168,Female,23,Morocco,2025-01-27,Teacher
S0169,Student 169,Female,46,UAE,2024-06-29,Teacher
S0170,Student 170,Female,32,Syria,2023-09-10,Unemployed
S0171,Student 171,Female,43,Saudi Arabia,2025-04-30,Unemployed
S0172,Student 172,Female,27,Morocco,2024-10-13,Unemployed
S0173,Student 173,Male,32,Saudi Arabia,2025-02-20,Teacher
S0174,Student 174,Female,25,Lebanon,2024-03-08,Teacher
S0175,Student 175,Male,25,Algeria,2025-05-12,Freelancer
S0176,Student 176,Male,30,Iraq,2023-06-26,Teacher
S0177,Student 177,Female,44,Syria,2023-05-07,Freelancer
S0178,Student 178,Male,21,Oman,2024-02-04,Freelancer
S0179,Student 179,Male,34,UAE,2024-06-21,Student
S0180,Student 180,Female,33,Oman,2023-06-14,Freelancer
S0181,Student 181,Male,37,UAE,2024-01-08,Teacher
S0182,Student 182,Male,41,Algeria,2023-12-07,Freelancer
S0183,Student 183,Male,33,Algeria,2023-01-01,Unemployed
S0184,Student 184,Male,27,Oman,2025-05-13,Student
S0185,Student 185,Female,34,UAE,2024-10-12,Engineer
S0186,Student 186,Male,22,Jordan,2023-04-10,Freelancer
S0187,Student 187,Female,24,Lebanon,2024-07-19,Student
S0188,Student 188,Female,48,Algeria,2023-06-21,Employee
S0189,Student 189,Male,30,Syria,2024-08-20,Freelancer
S0190,Student 190,Male,35,Algeria,2023-08-10,Unemployed
S0191,Student 191,Female,22,Algeria,2025-01-09,Student
S0192,Student 192,Male,30,Morocco,2023-12-19,Engineer
S0193,Student 193,Male,23,Lebanon,2025-05-26,Freelancer
S0194,Student 194,Male,23,Iraq,2024-01-26,Unemployed
S0195,Student 195,Female,21,Syria,2024-07-08,Student
S0196,Student 196,Male,28,Lebanon,2024-10-20,Unemployed
S0197,Student 197,Male,27,Algeria,2024-02-20,Employee
S0198,Student 198,Female,30,Syria,2025-06-17,Student
S0199,Student 199,Male,33,Iraq,2023-11-27,Freelancer
S0200,Student 200,Female,34,Syria,2024-04-01,Unemployed
S0201,Student 201,Male,26,Lebanon,2024-02-22,Freelancer
S0202,Student 202,Female,39,Algeria,2023-04-12,Freelancer
S0203,Student 203,Male,30,Iraq,2023-03-27,Engineer
S0204,Student 204,Female,26,Algeria,2025-03-05,Teacher
S0205,Student 205,Male,39,Algeria,2024-02-26,Engineer
S0206,Student 206,Female,44,Jordan,2024-06-07,Engineer
S0207,Student 207,Female,23,UAE,2024-07-28,Unemployed
S0208,Student 208,Male,37,Algeria,2024-07-25,Engineer
S0209,Student 209,Female,26,Iraq,2024-04-18,Student
S0210,Student 210,Male,24,Morocco,2024-12-24,Employee
S0211,Student 211,Female,46,Iraq,2024-07-27,Freelancer
S0212,Student 212,Female,45,Egypt,2023-07-26,Unemployed
S0213,Student 213,Male,46,Lebanon,2025-01-08,Unemployed
S0214,Student 214,Female,48,Syria,2023-11-23,Teacher
S0215,Student 215,Male,37,Morocco,2025-03-24,Employee
S0216,Student 216,Female,25,Algeria,2024-09-15,Teacher
S0217,Student 217,Male,33,Syria,2024-02-02,Unemployed
S0218,Student 218,Male,47,Egypt,2023-11-12,Student
S0219,Student 219,Female,26,UAE,2023-09-05,Freelancer
S0220,Student 220,Female,38,Jordan,2023-11-19,Student
S0221,Student 221,Female,32,Lebanon,2023-04-21,Freelancer
S0222,Student 222,Female,26,Morocco,2023-02-14,Engineer
S0223,Student 223,Female,21,Egypt,2024-09-25,Teacher
S0224,Student 224,Male,49,Saudi Arabia,2024-09-22,Freelancer
S0225,Student 225,Male,37,Egypt,2024-08-28,Freelancer
S0226,Student 226,Female,46,Algeria,2025-05-11,Freelancer
S0227,Student 227,Male,33,UAE,2025-03-03,Student
S0228,Student 228,Male,42,Egypt,2023-12-22,Unemployed
S0229,Student 229,Female,41,Morocco,2023-12-23,Student
S0230,Student 230,Male,25,Algeria,2024-08-06,Student
S0231,Student 231,Male,19,Saudi Arabia,2023-06-15,Freelancer
S0232,Student 232,Male,18,Oman,2024-09-20,Unemployed
S0233,Student 233,Male,27,Lebanon,2023-02-25,Freelancer
S0234,Student 234,Male,23,Lebanon,2024-07-15,Freelancer
S0235,Student 235,Male,39,Oman,2023-02-19,Student
S0236,Student 236,Male,19,UAE,2024-11-09,Unemployed
S0237,Student 237,Female,46,Syria,2024-01-01,Unemployed
S0238,Student 238,Male,41,Lebanon,2023-03-31,Unemployed
S0239,Student 239,Female,19,Algeria,2023-05-23,Student
S0240,Student 240,Male,24,Saudi Arabia,2025-06-13,Unemployed
S0241,Student 241,Male,29,Egypt,2024-11-13,Student
S0242,Student 242,Male,39,UAE,2023-05-17,Teacher
S0243,Student 243,Female,21,Jordan,2024-09-23,Employee
S0244,Student 244,Female,45,Morocco,2023-05-24,Engineer
S0245,Student 245,Female,40,Iraq,2023-05-05,Unemployed
S0246,Student 246,Female,20,UAE,2024-09-13,Teacher
S0247,Student 247,Female,49,Saudi Arabia,2023-07-10,Student
S0248,Student 248,Female,39,Lebanon,2024-08-05,Freelancer
S0249,Student 249,Male,25,Egypt,2023-02-19,Employee
S0250,Student 250,Male,19,Saudi Arabia,2023-04-07,Engineer
S0251,Student 251,Female,24,Lebanon,2025-01-20,Unemployed
S0252,Student 252,Female,40,Oman,2025-04-21,Teacher
S0253,Student 253,Male,24,Syria,2023-07-21,Engineer
S0254,Student 254,Male,43,Morocco,2025-03-28,Teacher
S0255,Student 255,Male,20,Saudi Arabia,2025-03-26,Student
S0256,Student 256,Male,39,Saudi Arabia,2024-02-25,Student
S0257,Student 257,Female,35,Egypt,2023-09-22,Unemployed
S0258,Student 258,Female,39,Algeria,2023-08-13,Teacher
S0259,Student 259,Male,30,Saudi Arabia,2024-01-31,Student
S0260,Student 260,Male,50,Oman,2025-04-04,Unemployed
S0261,Student 261,Female,44,Oman,2023-09-21,Engineer
S0262,Student 262,Male,22,Morocco,2024-02-06,Freelancer
S0263,Student 263,Male,24,Iraq,2024-05-09,Freelancer
S0264,Student 264,Male,47,Egypt,2023-12-19,Teacher
S0265,Student 265,Male,45,Algeria,2023-05-19,Freelancer
S0266,Student 266,Female,29,Oman,2024-06-26,Engineer
S0267,Student 267,Female,40,Lebanon,2023-08-05,Engineer
S0268,Student 268,Male,30,Jordan,2023-01-16,Unemployed
S0269,Student 269,Female,18,Iraq,2024-01-03,Teacher
S0270,Student 270,Male,39,Syria,2023-10-01,Employee
S0271,Student 271,Female,48,Algeria,2024-05-02,Employee
S0272,Student 272,Female,23,Saudi Arabia,2023-02-11,Engineer
S0273,Student 273,Male,37,Algeria,2024-05-27,Engineer
S0274,Student 274,Male,37,Egypt,2023-08-30,Employee
S0275,Student 275,Male,46,Saudi Arabia,2023-07-27,Freelancer
S0276,Student 276,Male,19,Iraq,2023-10-28,Employee
S0277,Student 277,Male,44,Lebanon,2025-04-06,Engineer
S0278,Student 278,Male,44,Algeria,2023-08-10,Freelancer
S0279,Student 279,Female,23,Lebanon,2024-09-17,Unemployed
S0280,Student 280,Female,20,Lebanon,2023-01-14,Teacher
S0281,Student 281,Male,19,Egypt,2023-12-04,Employee
S0282,Student 282,Female,48,Algeria,2023-02-28,Engineer
S0283,Student 283,Male,36,Saudi Arabia,2024-07-03,Employee
S0284,Student 284,Female,23,Oman,2023-08-02,Employee
S0285,Student 285,Male,48,Oman,2023-09-02,Student
S0286,Student 286,Male,31,Jordan,2024-11-27,Employee
S0287,Student 287,Male,37,Algeria,2025-04-30,Engineer
S0288,Student 288,Female,41,Algeria,2023-01-07,Student
S0289,Student 289,Male,39,Lebanon,2024-11-24,Employee
S0290,Student 290,Female,49,Algeria,2023-05-13,Student
S0291,Student 291,Male,34,Saudi Arabia,2024-03-28,Unemployed
S0292,Student 292,Male,29,Jordan,2023-08-04,Freelancer
S0293,Student 293,Male,34,UAE,2024-01-31,Unemployed
S0294,Student 294,Female,39,Algeria,2025-02-25,Employee
S0295,Student 295,Male,21,Algeria,2024-03-11,Freelancer
S0296,Student 296,Male,23,Jordan,2024-06-16,Teacher
S0297,Student 297,Female,46,Saudi Arabia,2024-11-25,Unemployed
S0298,Student 298,Female,50,Syria,2023-07-03,Employee
S0299,Student 299,Female,18,Saudi Arabia,2023-12-15,Teacher
S0300,Student 300,Male,38,Jordan,2023-07-21,Unemployed
S0301,Student 301,Female,20,Saudi Arabia,2024-02-08,Teacher
S0302,Student 302,Female,31,Jordan,2024-07-29,Engineer
S0303,Student 303,Female,20,Saudi Arabia,2023-06-22,Student
S0304,Student 304,Female,36,Egypt,2024-04-07,Teacher
S0305,Student 305,Female,24,UAE,2023-12-14,Teacher
S0306,Student 306,Male,39,Oman,2024-03-22,Employee
S0307,Student 307,Female,28,Egypt,2025-03-04,Student
S0308,Student 308,Female,47,Morocco,2024-02-25,Engineer
S0309,Student 309,Male,25,Egypt,2023-04-12,Freelancer
S0310,Student 310,Female,45,Syria,2024-09-11,Student
S0311,Student 311,Male,23,Syria,2024-05-26,Freelancer
S0312,Student 312,Female,24,Lebanon,2023-06-09,Student
S0313,Student 313,Male,38,Oman,2024-12-16,Employee
S0314,Student 314,Female,22,Oman,2023-11-24,Teacher
S0315,Student 315,Male,41,UAE,2023-07-19,Student
S0316,Student 316,Female,22,UAE,2025-02-23,Student
S0317,Student 317,Male,34,Algeria,2023-01-12,Freelancer
S0318,Student 318,Male,34,Saudi Arabia,2024-05-31,Student
S0319,Student 319,Male,20,UAE,2023-03-11,Teacher
S0320,Student 320,Male,45,Oman,2023-05-31,Employee
S0321,Student 321,Female,21,UAE,2025-02-26,Freelancer
S0322,Student 322,Male,45,Oman,2025-04-06,Student
S0323,Student 323,Female,22,Saudi Arabia,2025-03-16,Unemployed
S0324,Student 324,Female,49,Algeria,2024-06-30,Teacher
S0325,Student 325,Female,19,Morocco,2025-01-12,Unemployed
S0326,Student 326,Male,41,Lebanon,2025-02-09,Teacher
S0327,Student 327,Male,41,Saudi Arabia,2023-06-09,Teacher
S0328,Student 328,Female,33,Egypt,2023-09-02,Unemployed
S0329,Student 329,Male,22,Lebanon,2024-09-23,Unemployed
S0330,Student 330,Male,43,Morocco,2025-03-23,Teacher
S0331,Student 331,Female,50,Egypt,2024-06-13,Employee
S0332,Student 332,Male,35,Lebanon,2025-02-12,Freelancer
S0333,Student 333,Male,50,Iraq,2024-04-07,Student
S0334,Student 334,Male,48,UAE,2025-05-30,Engineer
S0335,Student 335,Male,26,Oman,2024-07-31,Unemployed
S0336,Student 336,Female,40,Iraq,2024-10-01,Teacher
S0337,Student 337,Female,41,Iraq,2023-09-09,Engineer
S0338,Student 338,Male,28,Oman,2025-03-07,Unemployed
S0339,Student 339,Male,32,Egypt,2025-01-24,Employee
S0340,Student 340,Male,18,Saudi Arabia,2025-01-05,Freelancer
S0341,Student 341,Female,22,Iraq,2023-06-21,Unemployed
S0342,Student 342,Male,35,Morocco,2023-05-29,Employee
S0343,Student 343,Female,37,Morocco,2024-04-02,Employee
S0344,Student 344,Female,41,Saudi Arabia,2024-10-10,Engineer
S0345,Student 345,Female,29,UAE,2023-11-26,Unemployed
S0346,Student 346,Female,46,Lebanon,2024-09-01,Unemployed
S0347,Student 347,Female,29,Saudi Arabia,2024-09-02,Engineer
S0348,Student 348,Female,25,Iraq,2023-10-02,Freelancer
S0349,Student 349,Female,22,Saudi Arabia,2024-08-21,Student
S0350,Student 350,Female,29,Egypt,2025-01-03,Freelancer
S0351,Student 351,Male,38,Saudi Arabia,2024-11-07,Freelancer
S0352,Student 352,Male,27,UAE,2023-05-16,Employee
S0353,Student 353,Female,40,Algeria,2024-04-17,Employee
S0354,Student 354,Male,19,Saudi Arabia,2024-10-07,Unemployed
S0355,Student 355,Female,20,Iraq,2023-06-11,Employee
S0356,Student 356,Male,23,Algeria,2023-08-28,Student
S0357,Student 357,Female,44,Egypt,2023-02-04,Freelancer
S0358,Student 358,Female,24,Algeria,2023-11-30,Freelancer
S0359,Student 359,Female,27,Egypt,2025-02-02,Student
S0360,Student 360,Female,24,Egypt,2025-04-02,Teacher
S0361,Student 361,Female,33,Saudi Arabia,2025-05-10,Engineer
S0362,Student 362,Female,35,Egypt,2024-05-25,Employee
S0363,Student 363,Female,26,Saudi Arabia,2025-02-22,Student
S0364,Student 364,Female,20,Egypt,2023-10-22,Freelancer
S0365,Student 365,Male,33,Saudi Arabia,2024-06-17,Student
S0366,Student 366,Female,24,Lebanon,2023-02-04,Freelancer
S0367,Student 367,Female,50,Algeria,2023-12-23,Employee
S0368,Student 368,Male,21,Iraq,2025-03-05,Employee
S0369,Student 369,Female,21,UAE,2024-12-17,Engineer
S0370,Student 370,Female,50,Jordan,2024-12-02,Employee
S0371,Student 371,Female,18,Morocco,2025-06-19,Unemployed
S0372,Student 372,Female,41,Morocco,2023-12-02,Teacher
S0373,Student 373,Female,21,UAE,2023-08-04,Teacher
S0374,Student 374,Male,19,Lebanon,2023-06-18,Unemployed
S0375,Student 375,Female,37,Algeria,2024-12-06,Unemployed
S0376,Student 376,Male,34,UAE,2025-04-30,Student
S0377,Student 377,Female,48,Lebanon,2024-06-24,Student
S0378,Student 378,Male,46,Oman,2023-06-08,Unemployed
S0379,Student 379,Female,33,UAE,2024-03-20,Employee
S0380,Student 380,Male,35,UAE,2023-08-06,Teacher
S0381,Student 381,Female,42,UAE,2023-07-26,Engineer
S0382,Student 382,Female,47,Iraq,2025-05-17,Teacher
S0383,Student 383,Male,40,Iraq,2024-03-29,Employee
S0384,Student 384,Female,38,Algeria,2024-01-15,Teacher
S0385,Student 385,Female,22,Saudi Arabia,2023-11-04,Employee
S0386,Student 386,Female,34,Morocco,2024-09-14,Employee
S0387,Student 387,Female,19,Lebanon,2023-06-20,Unemployed
S0388,Student 388,Female,32,Jordan,2023-04-12,Freelancer
S0389,Student 389,Female,33,Algeria,2023-08-10,Employee
S0390,Student 390,Female,21,Egypt,2024-03-21,Employee
S0391,Student 391,Male,34,Lebanon,2024-01-24,Engineer
S0392,Student 392,Female,19,Egypt,2023-04-29,Teacher
S0393,Student 393,Female,42,Syria,2024-03-24,Unemployed
S0394,Student 394,Male,27,Jordan,2025-04-17,Student
S0395,Student 395,Male,46,Jordan,2023-02-09,Employee
S0396,Student 396,Male,47,Iraq,2025-01-18,Unemployed
S0397,Student 397,Female,40,Morocco,2025-02-27,Freelancer
S0398,Student 398,Male,33,Lebanon,2024-06-09,Student
S0399,Student 399,Male,48,Egypt,2024-02-06,Freelancer
S0400,Student 400,Female,43,Morocco,2023-12-10,Unemployed
S0401,Student 401,Female,40,Lebanon,2025-01-10,Employee
S0402,Student 402,Male,45,Egypt,2024-11-15,Freelancer
S0403,Student 403,Female,19,Morocco,2025-04-28,Student
S0404,Student 404,Male,42,Algeria,2023-02-05,Employee
S0405,Student 405,Female,39,Iraq,2024-04-28,Student
S0406,Student 406,Female,43,Oman,2023-03-16,Engineer
S0407,Student 407,Male,36,Syria,2024-02-06,Employee
S0408,Student 408,Female,18,Morocco,2023-09-03,Engineer
S0409,Student 409,Female,37,Egypt,2023-06-04,Student
S0410,Student 410,Female,31,Algeria,2023-03-18,Unemployed
S0411,Student 411,Male,21,UAE,2024-01-18,Unemployed
S0412,Student 412,Male,37,Saudi Arabia,2024-07-25,Teacher
S0413,Student 413,Male,43,Oman,2025-01-14,Employee
S0414,Student 414,Female,50,UAE,2024-12-22,Teacher
S0415,Student 415,Female,24,UAE,2024-05-12,Unemployed
S0416,Student 416,Male,40,Jordan,2025-03-22,Freelancer
S0417,Student 417,Male,50,Jordan,2025-05-29,Engineer
S0418,Student 418,Female,47,Oman,2023-04-06,Employee
S0419,Student 419,Female,50,Egypt,2023-09-06,Employee
S0420,Student 420,Female,19,Saudi Arabia,2024-12-02,Employee
S0421,Student 421,Male,32,UAE,2023-10-22,Employee
S0422,Student 422,Female,34,Lebanon,2024-08-05,Engineer
S0423,Student 423,Female,44,Saudi Arabia,2025-03-05,Teacher
S0424,Student 424,Female,46,Saudi Arabia,2023-04-05,Employee
S0425,Student 425,Male,27,Jordan,2023-01-07,Freelancer
S0426,Student 426,Female,21,Saudi Arabia,2023-06-29,Engineer
S0427,Student 427,Male,48,Egypt,2023-09-08,Freelancer
S0428,Student 428,Male,40,Oman,2023-11-10,Employee
S0429,Student 429,Male,50,Algeria,2024-04-10,Engineer
S0430,Student 430,Female,42,Syria,2025-05-07,Employee
S0431,Student 431,Female,24,Jordan,2023-12-21,Freelancer
S0432,Student 432,Female,31,Saudi Arabia,2024-05-09,Freelancer
S0433,Student 433,Female,41,Saudi Arabia,2024-09-04,Unemployed
S0434,Student 434,Female,24,Syria,2024-12-12,Engineer
S0435,Student 435,Male,36,Oman,2025-01-28,Student
S0436,Student 436,Male,41,Algeria,2023-04-21,Employee
S0437,Student 437,Female,26,Oman,2025-01-26,Unemployed
S0438,Student 438,Male,29,UAE,2024-06-04,Employee
S0439,Student 439,Female,32,Iraq,2023-04-16,Employee
S0440,Student 440,Male,34,Jordan,2023-10-23,Engineer
S0441,Student 441,Female,21,Algeria,2025-03-11,Engineer
S0442,Student 442,Male,33,UAE,2023-09-08,Employee
S0443,Student 443,Female,28,Algeria,2025-01-02,Engineer
S0444,Student 444,Male,44,Morocco,2023-01-07,Teacher
S0445,Student 445,Male,44,Lebanon,2023-04-14,Unemployed
S0446,Student 446,Female,29,Algeria,2023-03-02,Freelancer
S0447,Student 447,Male,41,Iraq,2025-06-13,Student
S0448,Student 448,Male,45,Iraq,2023-08-05,Unemployed
S0449,Student 449,Male,44,Oman,2023-04-29,Freelancer
S0450,Student 450,Female,48,Oman,2025-06-10,Teacher
S0451,Student 451,Male,50,Syria,2023-10-17,Engineer
S0452,Student 452,Female,30,Algeria,2024-07-11,Engineer
S0453,Student 453,Male,49,Jordan,2023-04-26,Teacher
S0454,Student 454,Female,45,Oman,2023-02-23,Student
S0455,Student 455,Female,21,Jordan,2023-02-15,Teacher
S0456,Student 456,Male,35,Egypt,2025-04-18,Employee
S0457,Student 457,Male,44,Algeria,2023-04-18,Freelancer
S0458,Student 458,Male,47,Egypt,2024-12-27,Teacher
S0459,Student 459,Female,49,Oman,2024-12-15,Unemployed
S0460,Student 460,Male,18,Iraq,2024-04-15,Engineer
S0461,Student 461,Female,45,Algeria,2024-08-03,Student
S0462,Student 462,Female,22,Syria,2024-05-31,Engineer
S0463,Student 463,Male,47,Morocco,2023-12-13,Engineer
S0464,Student 464,Female,38,Morocco,2023-08-03,Teacher
S0465,Student 465,Male,41,Egypt,2025-01-18,Unemployed
S0466,Student 466,Female,42,Algeria,2024-05-03,Engineer
S0467,Student 467,Male,18,UAE,2024-02-07,Engineer
S0468,Student 468,Female,20,Morocco,2025-05-16,Unemployed
S0469,Student 469,Female,46,Morocco,2023-04-10,Teacher
S0470,Student 470,Female,29,Iraq,2025-03-04,Employee
S0471,Student 471,Female,40,Iraq,2025-05-02,Student
S0472,Student 472,Male,41,Syria,2024-02-21,Freelancer
S0473,Student 473,Male,18,Oman,2023-10-07,Freelancer
S0474,Student 474,Female,48,Lebanon,2025-01-05,Unemployed
S0475,Student 475,Male,33,Jordan,2023-04-19,Student
S0476,Student 476,Female,36,Lebanon,2025-01-29,Employee
S0477,Student 477,Male,27,Algeria,2025-03-29,Teacher
S0478,Student 478,Male,43,Lebanon,2024-08-26,Unemployed
S0479,Student 479,Female,40,Algeria,2024-11-19,Freelancer
S0480,Student 480,Male,49,Syria,2023-11-20,Employee
S0481,Student 481,Male,34,Saudi Arabia,2025-04-13,Engineer
S0482,Student 482,Male,34,UAE,2024-08-07,Freelancer
S0483,Student 483,Female,21,Saudi Arabia,2025-03-02,Employee
S0484,Student 484,Female,19,Lebanon,2024-10-18,Freelancer
S0485,Student 485,Female,33,Syria,2024-12-11,Student
S0486,Student 486,Female,33,UAE,2024-09-11,Freelancer
S0487,Student 487,Female,35,UAE,2023-11-19,Freelancer
S0488,Student 488,Female,20,UAE,2023-03-14,Unemployed
S0489,Student 489,Female,50,Iraq,2024-11-27,Student
S0490,Student 490,Female,32,Syria,2024-10-09,Engineer
S0491,Student 491,Male,45,Syria,2024-06-16,Unemployed
S0492,Student 492,Male,42,UAE,2025-01-23,Freelancer
S0493,Student 493,Female,48,Syria,2024-03-28,Employee
S0494,Student 494,Male,36,Morocco,2024-01-16,Engineer
S0495,Student 495,Female,29,Iraq,2024-01-18,Teacher
S0496,Student 496,Male,38,Egypt,2024-11-04,Freelancer
S0497,Student 497,Female,45,Syria,2024-08-29,Unemployed
S0498,Student 498,Male,45,Oman,2024-09-05,Engineer
S0499,Student 499,Male,22,Iraq,2025-02-24,Student
S0500,Student 500,Male,41,UAE,2023-12-07,Student
S0501,Student 501,Female,29,Lebanon,2024-07-21,Employee
S0502,Student 502,Female,42,Algeria,2024-07-11,Engineer
S0503,Student 503,Female,32,Oman,2025-06-17,Freelancer
S0504,Student 504,Male,42,Morocco,2024-08-13,Student
S0505,Student 505,Male,35,Egypt,2023-07-24,Engineer
S0506,Student 506,Male,32,UAE,2023-01-12,Unemployed
S0507,Student 507,Male,28,Syria,2025-02-20,Teacher
S0508,Student 508,Male,49,Morocco,2024-12-29,Student
S0509,Student 509,Male,23,Iraq,2025-06-19,Employee
S0510,Student 510,Male,36,Iraq,2024-12-20,Freelancer
S0511,Student 511,Male,49,Oman,2024-02-03,Teacher
S0512,Student 512,Male,32,Syria,2023-04-04,Engineer
S0513,Student 513,Female,46,Algeria,2023-01-30,Engineer
S0514,Student 514,Female,36,Saudi Arabia,2024-08-06,Unemployed
S0515,Student 515,Male,25,Saudi Arabia,2025-06-05,Employee
S0516,Student 516,Female,41,Morocco,2024-05-13,Unemployed
S0517,Student 517,Female,31,UAE,2023-10-16,Freelancer
S0518,Student 518,Female,20,Syria,2023-10-30,Engineer
S0519,Student 519,Female,21,Lebanon,2023-10-14,Unemployed
S0520,Student 520,Male,22,Algeria,2023-01-26,Freelancer
S0521,Student 521,Male,46,Saudi Arabia,2024-01-04,Teacher
S0522,Student 522,Female,35,Morocco,2023-03-30,Unemployed
S0523,Student 523,Male,34,Iraq,2025-05-05,Unemployed
S0524,Student 524,Male,34,Lebanon,2025-01-26,Freelancer
S0525,Student 525,Female,32,Oman,2024-05-13,Engineer
S0526,Student 526,Male,40,Algeria,2024-08-30,Engineer
S0527,Student 527,Male,21,Jordan,2025-05-10,Employee
S0528,Student 528,Male,41,Algeria,2024-11-11,Freelancer
S0529,Student 529,Female,23,Lebanon,2023-10-17,Employee
S0530,Student 530,Male,36,Lebanon,2023-12-07,Freelancer
S0531,Student 531,Male,45,Egypt,2023-02-13,Teacher
S0532,Student 532,Male,30,Jordan,2024-06-21,Engineer
S0533,Student 533,Male,21,Syria,2023-10-06,Unemployed
S0534,Student 534,Female,38,Lebanon,2025-05-19,Unemployed
S0535,Student 535,Male,36,Morocco,2023-05-27,Engineer
S0536,Student 536,Female,21,Iraq,2023-09-19,Teacher
S0537,Student 537,Male,43,Syria,2024-08-25,Freelancer
S0538,Student 538,Male,24,UAE,2023-06-12,Student
S0539,Student 539,Male,18,Saudi Arabia,2023-09-23,Employee
S0540,Student 540,Female,20,Oman,2024-12-05,Engineer
S0541,Student 541,Male,41,Saudi Arabia,2023-03-09,Unemployed
S0542,Student 542,Female,50,Jordan,2023-08-02,Freelancer
S0543,Student 543,Female,29,Lebanon,2023-03-19,Freelancer
S0544,Student 544,Female,27,Oman,2024-07-05,Unemployed
S0545,Student 545,Female,18,Saudi Arabia,2025-01-11,Engineer
S0546,Student 546,Female,20,Syria,2023-06-06,Unemployed
S0547,Student 547,Male,48,Saudi Arabia,2025-01-24,Employee
S0548,Student 548,Male,41,Morocco,2025-03-11,Engineer
S0549,Student 549,Male,47,Morocco,2023-02-26,Freelancer
S0550,Student 550,Male,36,UAE,2023-08-12,Freelancer
S0551,Student 551,Female,32,Morocco,2023-08-19,Employee
S0552,Student 552,Female,25,Morocco,2024-11-01,Unemployed
S0553,Student 553,Male,45,Algeria,2024-01-28,Employee
S0554,Student 554,Female,33,Egypt,2024-10-26,Employee
S0555,Student 555,Male,24,Iraq,2024-07-23,Teacher
S0556,Student 556,Male,35,Lebanon,2024-05-11,Employee
S0557,Student 557,Male,20,Lebanon,2025-02-28,Engineer
S0558,Student 558,Male,42,Algeria,2024-06-08,Unemployed
S0559,Student 559,Female,37,Morocco,2024-02-28,Engineer
S0560,Student 560,Male,31,Morocco,2024-09-14,Unemployed
S0561,Student 561,Male,34,Algeria,2025-02-19,Employee
S0562,Student 562,Male,30,Morocco,2024-02-07,Teacher
S0563,Student 563,Female,41,Lebanon,2023-03-12,Engineer
S0564,Student 564,Male,49,Jordan,2023-10-19,Student
S0565,Student 565,Male,24,Morocco,2023-02-07,Freelancer
S0566,Student 566,Female,44,Oman,2024-12-19,Engineer
S0567,Student 567,Male,18,Algeria,2024-12-06,Engineer
S0568,Student 568,Female,43,Iraq,2023-12-12,Student
S0569,Student 569,Male,40,Jordan,2023-11-03,Engineer
S0570,Student 570,Male,38,Oman,2023-07-19,Freelancer
S0571,Student 571,Female,22,Jordan,2024-11-11,Engineer
S0572,Student 572,Male,50,Lebanon,2023-08-30,Teacher
S0573,Student 573,Male,42,Jordan,2024-09-30,Freelancer
S0574,Student 574,Female,27,UAE,2023-10-03,Employee
S0575,Student 575,Male,44,Syria,2024-01-20,Student
S0576,Student 576,Female,45,Oman,2023-03-10,Teacher
S0577,Student 577,Male,39,Egypt,2023-12-04,Engineer
S0578,Student 578,Male,33,Saudi Arabia,2023-08-02,Employee
S0579,Student 579,Male,48,Egypt,2023-05-06,Freelancer
S0580,Student 580,Female,36,Oman,2023-02-14,Freelancer
S0581,Student 581,Female,36,Egypt,2023-05-22,Freelancer
S0582,Student 582,Female,25,Iraq,2024-03-26,Unemployed
S0583,Student 583,Female,49,Egypt,2023-11-12,Freelancer
S0584,Student 584,Male,30,Jordan,2023-07-23,Employee
S0585,Student 585,Male,39,Jordan,2025-03-15,Employee
S0586,Student 586,Male,25,Syria,2025-03-05,Unemployed
S0587,Student 587,Male,21,Jordan,2024-04-24,Engineer
S0588,Student 588,Male,46,Egypt,2023-11-19,Engineer
S0589,Student 589,Male,48,Lebanon,2024-12-12,Employee
S0590,Student 590,Female,32,Algeria,2023-07-30,Teacher
S0591,Student 591,Female,46,Lebanon,2023-06-24,Engineer
S0592,Student 592,Female,20,Iraq,2024-10-29,Engineer
S0593,Student 593,Female,48,Jordan,2023-07-16,Engineer
S0594,Student 594,Female,28,Egypt,2023-01-08,Teacher
S0595,Student 595,Female,27,Saudi Arabia,2023-12-11,Freelancer
S0596,Student 596,Female,39,Saudi Arabia,2025-05-19,Unemployed
S0597,Student 597,Male,40,Jordan,2023-03-09,Employee
S0598,Student 598,Male,24,Algeria,2023-07-12,Student
S0599,Student 599,Female,31,Lebanon,2023-09-14,Student
S0600,Student 600,Female,21,Lebanon,2024-12-22,Employee
S0601,Student 601,Male,44,Iraq,2025-01-10,Unemployed
S0602,Student 602,Female,46,Morocco,2025-03-25,Teacher
S0603,Student 603,Male,43,Morocco,2025-06-10,Student
S0604,Student 604,Male,29,Egypt,2025-05-05,Unemployed
S0605,Student 605,Male,41,Jordan,2023-10-29,Teacher
S0606,Student 606,Male,43,Algeria,2024-07-02,Unemployed
S0607,Student 607,Female,25,Iraq,2024-03-29,Employee
S0608,Student 608,Male,30,Oman,2024-12-11,Employee
S0609,Student 609,Male,39,Lebanon,2023-10-15,Engineer
S0610,Student 610,Female,27,Syria,2024-12-11,Teacher
S0611,Student 611,Male,39,Syria,2023-01-17,Teacher
S0612,Student 612,Female,47,Oman,2023-07-09,Employee
S0613,Student 613,Female,18,Lebanon,2025-06-11,Student
S0614,Student 614,Female,36,Iraq,2023-11-28,Unemployed
S0615,Student 615,Male,50,Saudi Arabia,2023-03-27,Employee
S0616,Student 616,Male,42,Saudi Arabia,2024-03-28,Teacher
S0617,Student 617,Female,41,Saudi Arabia,2024-12-06,Employee
S0618,Student 618,Female,38,UAE,2025-02-11,Freelancer
S0619,Student 619,Female,47,Oman,2025-03-04,Teacher
S0620,Student 620,Female,31,Iraq,2025-03-25,Employee
S0621,Student 621,Male,32,Oman,2023-12-07,Teacher
S0622,Student 622,Female,20,Algeria,2023-03-16,Engineer
S0623,Student 623,Female,25,Iraq,2023-01-15,Student
S0624,Student 624,Female,47,Jordan,2023-03-23,Teacher
S0625,Student 625,Female,40,Morocco,2024-05-16,Student
S0626,Student 626,Male,25,Iraq,2024-02-13,Teacher
S0627,Student 627,Male,34,UAE,2024-07-31,Teacher
S0628,Student 628,Female,22,Syria,2024-07-03,Teacher
S0629,Student 629,Male,48,Algeria,2023-09-30,Engineer
S0630,Student 630,Female,36,Algeria,2025-05-15,Student
S0631,Student 631,Male,31,Algeria,2024-01-05,Unemployed
S0632,Student 632,Female,34,Iraq,2024-08-25,Unemployed
S0633,Student 633,Female,49,Jordan,2025-05-31,Unemployed
S0634,Student 634,Male,24,Morocco,2023-07-03,Freelancer
S0635,Student 635,Female,19,UAE,2024-05-21,Freelancer
S0636,Student 636,Male,33,Iraq,2023-03-21,Student
S0637,Student 637,Female,27,Algeria,2025-06-08,Employee
S0638,Student 638,Male,34,UAE,2024-10-14,Teacher
S0639,Student 639,Female,39,Saudi Arabia,2023-09-30,Employee
S0640,Student 640,Female,47,Iraq,2024-03-01,Employee
S0641,Student 641,Female,32,Syria,2024-04-22,Student
S0642,Student 642,Female,36,Morocco,2024-09-07,Engineer
S0643,Student 643,Male,48,Morocco,2024-10-17,Student
S0644,Student 644,Female,48,Egypt,2024-09-12,Engineer
S0645,Student 645,Female,23,UAE,2023-06-16,Engineer
S0646,Student 646,Female,37,UAE,2023-11-11,Engineer
S0647,Student 647,Female,38,Morocco,2025-06-12,Unemployed
S0648,Student 648,Male,38,Syria,2023-12-25,Unemployed
S0649,Student 649,Male,43,Oman,2023-06-12,Student
S0650,Student 650,Female,42,Jordan,2025-06-09,Student
S0651,Student 651,Female,46,Morocco,2023-10-05,Freelancer
S0652,Student 652,Male,49,Algeria,2023-08-01,Student
S0653,Student 653,Female,45,Jordan,2024-12-26,Unemployed
S0654,Student 654,Female,20,Lebanon,2024-10-20,Teacher
S0655,Student 655,Male,23,Egypt,2024-06-24,Engineer
S0656,Student 656,Male,37,Saudi Arabia,2023-09-01,Freelancer
S0657,Student 657,Female,41,UAE,2024-04-17,Unemployed
S0658,Student 658,Male,43,Saudi Arabia,2024-07-06,Student
S0659,Student 659,Female,50,UAE,2024-05-09,Teacher
S0660,Student 660,Female,25,Syria,2024-04-29,Freelancer
S0661,Student 661,Female,43,Lebanon,2025-02-24,Engineer
S0662,Student 662,Female,44,Egypt,2023-08-25,Student
S0663,Student 663,Female,45,Saudi Arabia,2024-11-07,Student
S0664,Student 664,Male,23,Saudi Arabia,2024-03-22,Student
S0665,Student 665,Male,43,Oman,2023-06-28,Employee
S0666,Student 666,Female,37,Morocco,2025-05-21,Employee
S0667,Student 667,Female,37,Saudi Arabia,2024-01-27,Employee
S0668,Student 668,Male,34,Algeria,2023-06-07,Freelancer
S0669,Student 669,Female,30,Lebanon,2025-04-09,Freelancer
S0670,Student 670,Female,32,Syria,2023-09-13,Employee
S0671,Student 671,Female,35,Oman,2024-01-06,Teacher
S0672,Student 672,Female,35,UAE,2025-02-16,Student
S0673,Student 673,Male,42,Oman,2023-08-14,Student
S0674,Student 674,Male,29,Lebanon,2023-10-08,Unemployed
S0675,Student 675,Female,36,Lebanon,2025-03-06,Student
S0676,Student 676,Male,33,UAE,2023-03-07,Unemployed
S0677,Student 677,Male,47,Oman,2023-10-04,Teacher
S0678,Student 678,Male,28,Iraq,2023-12-29,Student
S0679,Student 679,Male,39,Iraq,2025-04-06,Unemployed
S0680,Student 680,Male,46,UAE,2024-01-25,Student
S0681,Student 681,Male,26,Morocco,2024-04-17,Teacher
S0682,Student 682,Female,20,Oman,2025-04-19,Employee
S0683,Student 683,Male,30,Egypt,2023-11-16,Freelancer
S0684,Student 684,Male,32,Jordan,2024-11-24,Unemployed
S0685,Student 685,Male,42,Saudi Arabia,2023-06-21,Engineer
S0686,Student 686,Female,28,Jordan,2023-03-30,Unemployed
S0687,Student 687,Female,39,Jordan,2025-02-16,Freelancer
S0688,Student 688,Male,46,Iraq,2023-08-21,Employee
S0689,Student 689,Female,36,UAE,2023-01-19,Engineer
S0690,Student 690,Female,50,Morocco,2024-05-01,Employee
S0691,Student 691,Female,25,Oman,2023-02-08,Freelancer
S0692,Student 692,Female,38,Saudi Arabia,2023-12-16,Employee
S0693,Student 693,Female,29,Iraq,2025-02-09,Freelancer
S0694,Student 694,Male,47,UAE,2023-09-16,Student
S0695,Student 695,Female,41,Iraq,2023-10-28,Engineer
S0696,Student 696,Female,22,Morocco,2024-03-17,Student
S0697,Student 697,Female,49,Lebanon,2024-06-03,Teacher
S0698,Student 698,Male,48,Morocco,2023-06-10,Student
S0699,Student 699,Female,40,Syria,2024-06-10,Engineer
S0700,Student 700,Female,23,Saudi Arabia,2023-08-05,Teacher
S0701,Student 701,Male,30,Lebanon,2023-05-19,Engineer
S0702,Student 702,Male,24,Saudi Arabia,2024-12-11,Freelancer
S0703,Student 703,Male,22,Saudi Arabia,2024-08-11,Engineer
S0704,Student 704,Male,32,Oman,2025-03-15,Freelancer
S0705,Student 705,Female,38,Lebanon,2025-03-16,Engineer
S0706,Student 706,Male,26,Algeria,2025-06-08,Employee
S0707,Student 707,Female,36,Saudi Arabia,2023-05-16,Unemployed
S0708,Student 708,Male,46,Jordan,2023-01-25,Student
S0709,Student 709,Male,24,Morocco,2025-01-16,Engineer
S0710,Student 710,Male,22,Oman,2023-08-22,Unemployed
S0711,Student 711,Male,49,Egypt,2023-02-21,Student
S0712,Student 712,Male,18,Lebanon,2025-02-03,Teacher
S0713,Student 713,Male,33,Egypt,2025-04-16,Teacher
S0714,Student 714,Female,34,Iraq,2023-08-08,Teacher
S0715,Student 715,Male,29,Saudi Arabia,2025-05-19,Freelancer
S0716,Student 716,Female,34,Jordan,2023-02-25,Engineer
S0717,Student 717,Female,31,Iraq,2025-02-03,Engineer
S0718,Student 718,Female,27,Egypt,2024-08-08,Teacher
S0719,Student 719,Male,34,Iraq,2023-10-02,Freelancer
S0720,Student 720,Male,25,Oman,2024-08-31,Engineer
S0721,Student 721,Female,36,Morocco,2023-07-29,Teacher
S0722,Student 722,Female,30,Oman,2024-02-17,Student
S0723,Student 723,Male,49,UAE,2024-11-26,Unemployed
S0724,Student 724,Female,43,Egypt,2025-01-18,Engineer
S0725,Student 725,Male,21,Algeria,2025-03-06,Freelancer
S0726,Student 726,Male,43,Morocco,2023-06-22,Unemployed
S0727,Student 727,Female,47,Jordan,2024-02-04,Unemployed
S0728,Student 728,Male,41,Algeria,2025-02-20,Teacher
S0729,Student 729,Male,20,Syria,2023-10-25,Freelancer
S0730,Student 730,Female,33,Saudi Arabia,2025-04-06,Engineer
S0731,Student 731,Female,47,Saudi Arabia,2023-12-05,Employee
S0732,Student 732,Female,42,Algeria,2023-08-27,Student
S0733,Student 733,Female,37,Iraq,2023-08-23,Teacher
S0734,Student 734,Male,34,Jordan,2024-02-05,Engineer
S0735,Student 735,Female,20,Algeria,2024-03-03,Unemployed
S0736,Student 736,Female,18,Jordan,2025-03-13,Unemployed
S0737,Student 737,Male,29,Lebanon,2025-05-18,Freelancer
S0738,Student 738,Female,33,Saudi Arabia,2024-07-08,Freelancer
S0739,Student 739,Female,34,Morocco,2023-07-08,Unemployed
S0740,Student 740,Female,20,Oman,2023-10-18,Student
S0741,Student 741,Female,26,Algeria,2024-04-04,Freelancer
S0742,Student 742,Male,42,Iraq,2025-03-12,Student
S0743,Student 743,Female,37,Egypt,2023-04-07,Engineer
S0744,Student 744,Female,26,Oman,2024-03-27,Engineer
S0745,Student 745,Male,24,Lebanon,2024-06-01,Student
S0746,Student 746,Male,47,Algeria,2024-05-31,Engineer
S0747,Student 747,Male,44,Jordan,2023-05-28,Freelancer
S0748,Student 748,Female,25,Algeria,2023-10-28,Teacher
S0749,Student 749,Male,29,Lebanon,2024-01-09,Engineer
S0750,Student 750,Male,46,UAE,2024-06-08,Unemployed
S0751,Student 751,Male,37,Egypt,2024-11-06,Teacher
S0752,Student 752,Female,38,Morocco,2023-10-12,Employee
S0753,Student 753,Female,35,UAE,2024-03-21,Student
S0754,Student 754,Male,49,Algeria,2025-02-04,Freelancer
S0755,Student 755,Female,46,Morocco,2023-05-14,Engineer
S0756,Student 756,Male,33,Jordan,2023-08-31,Student
S0757,Student 757,Female,29,Egypt,2024-09-25,Unemployed
S0758,Student 758,Male,46,Lebanon,2023-07-31,Student
S0759,Student 759,Male,48,UAE,2024-02-27,Engineer
S0760,Student 760,Male,43,Lebanon,2023-12-11,Employee
S0761,Student 761,Male,47,Egypt,2023-02-28,Student
S0762,Student 762,Female,40,Syria,2023-07-27,Student
S0763,Student 763,Female,33,Morocco,2024-05-25,Student
S0764,Student 764,Female,19,Algeria,2023-06-09,Employee
S0765,Student 765,Female,46,Syria,2023-09-24,Freelancer
S0766,Student 766,Female,19,Algeria,2023-04-22,Student
S0767,Student 767,Female,21,Iraq,2024-10-12,Freelancer
S0768,Student 768,Female,44,Saudi Arabia,2025-06-05,Unemployed
S0769,Student 769,Female,43,UAE,2024-07-02,Student
S0770,Student 770,Male,18,Morocco,2023-11-10,Employee
S0771,Student 771,Female,35,Algeria,2023-02-10,Unemployed
S0772,Student 772,Female,32,Saudi Arabia,2025-03-16,Unemployed
S0773,Student 773,Female,47,Lebanon,2023-05-18,Employee
S0774,Student 774,Male,31,Morocco,2023-08-03,Employee
S0775,Student 775,Male,25,Syria,2024-04-08,Student
S0776,Student 776,Female,23,Lebanon,2023-02-12,Freelancer
S0777,Student 777,Female,24,Saudi Arabia,2024-04-18,Engineer
S0778,Student 778,Female,37,UAE,2024-01-19,Unemployed
S0779,Student 779,Female,29,Saudi Arabia,2024-07-30,Engineer
S0780,Student 780,Male,33,Egypt,2023-05-02,Student
S0781,Student 781,Male,23,Jordan,2023-08-11,Freelancer
S0782,Student 782,Female,23,Saudi Arabia,2024-07-30,Student
S0783,Student 783,Male,24,Oman,2023-11-09,Employee
S0784,Student 784,Male,37,Iraq,2024-01-09,Unemployed
S0785,Student 785,Male,22,Morocco,2024-04-06,Teacher
S0786,Student 786,Male,49,Oman,2025-02-01,Student
S0787,Student 787,Female,35,UAE,2024-03-10,Unemployed
S0788,Student 788,Male,23,Iraq,2024-06-27,Freelancer
S0789,Student 789,Male,35,Iraq,2025-03-15,Teacher
S0790,Student 790,Male,25,Egypt,2023-10-15,Teacher
S0791,Student 791,Female,46,Algeria,2023-07-23,Employee
S0792,Student 792,Female,46,UAE,2024-11-02,Student
S0793,Student 793,Female,22,UAE,2024-05-25,Freelancer
S0794,Student 794,Male,30,Morocco,2023-02-28,Student
S0795,Student 795,Female,27,Lebanon,2023-10-06,Teacher
S0796,Student 796,Female,39,Lebanon,2024-05-20,Unemployed
S0797,Student 797,Male,50,Algeria,2024-03-25,Employee
S0798,Student 798,Female,23,Morocco,2024-12-02,Engineer
S0799,Student 799,Female,42,Algeria,2024-06-19,Teacher
S0800,Student 800,Female,34,Jordan,2024-11-27,Freelancer
S0801,Student 801,Male,44,Oman,2025-05-03,Unemployed
S0802,Student 802,Male,43,Iraq,2025-04-15,Freelancer
S0803,Student 803,Male,50,Lebanon,2025-02-04,Employee
S0804,Student 804,Male,40,Syria,2024-07-09,Freelancer
S0805,Student 805,Male,36,Saudi Arabia,2024-12-17,Employee
S0806,Student 806,Male,45,Lebanon,2024-04-04,Freelancer
S0807,Student 807,Male,28,Algeria,2023-02-28,Unemployed
S0808,Student 808,Male,43,Oman,2023-01-26,Freelancer
S0809,Student 809,Male,24,Algeria,2023-09-08,Student
S0810,Student 810,Male,20,Lebanon,2023-10-08,Freelancer
S0811,Student 811,Female,25,Egypt,2024-03-19,Unemployed
S0812,Student 812,Male,34,Syria,2023-04-19,Employee
S0813,Student 813,Male,25,Syria,2024-10-10,Engineer
S0814,Student 814,Male,25,Oman,2024-03-11,Employee
S0815,Student 815,Male,33,Egypt,2024-11-12,Employee
S0816,Student 816,Male,49,Lebanon,2023-09-04,Employee
S0817,Student 817,Female,26,Syria,2023-06-20,Teacher
S0818,Student 818,Male,25,UAE,2024-12-07,Unemployed
S0819,Student 819,Male,19,Iraq,2024-07-02,Engineer
S0820,Student 820,Male,19,UAE,2023-11-06,Unemployed
S0821,Student 821,Male,49,Saudi Arabia,2024-06-10,Freelancer
S0822,Student 822,Female,18,Lebanon,2024-04-11,Freelancer
S0823,Student 823,Female,18,Lebanon,2024-11-25,Unemployed
S0824,Student 824,Female,44,Egypt,2025-03-25,Employee
S0825,Student 825,Male,28,Saudi Arabia,2024-01-18,Engineer
S0826,Student 826,Male,19,Syria,2025-04-03,Freelancer
S0827,Student 827,Female,18,Saudi Arabia,2023-03-06,Teacher
S0828,Student 828,Female,50,Egypt,2023-01-03,Engineer
S0829,Student 829,Male,24,Egypt,2025-05-01,Student
S0830,Student 830,Male,19,UAE,2023-12-18,Engineer
S0831,Student 831,Female,50,Morocco,2024-10-01,Freelancer
S0832,Student 832,Male,40,Morocco,2024-02-17,Teacher
S0833,Student 833,Female,40,Morocco,2024-06-03,Freelancer
S0834,Student 834,Female,38,Algeria,2024-09-05,Unemployed
S0835,Student 835,Female,49,Iraq,2023-10-17,Unemployed
S0836,Student 836,Male,24,Oman,2023-05-02,Engineer
S0837,Student 837,Female,42,Algeria,2025-01-12,Student
S0838,Student 838,Male,21,Oman,2023-01-21,Student
S0839,Student 839,Female,34,Lebanon,2023-03-04,Student
S0840,Student 840,Male,45,Syria,2023-10-02,Unemployed
S0841,Student 841,Male,40,Algeria,2023-10-03,Freelancer
S0842,Student 842,Male,41,Lebanon,2024-07-07,Engineer
S0843,Student 843,Female,20,Lebanon,2023-12-18,Engineer
S0844,Student 844,Male,40,UAE,2025-02-19,Engineer
S0845,Student 845,Male,42,Iraq,2023-11-21,Student
S0846,Student 846,Female,40,Oman,2024-12-31,Teacher
S0847,Student 847,Female,20,Iraq,2023-12-24,Student
S0848,Student 848,Female,45,Algeria,2024-02-06,Student
S0849,Student 849,Male,19,Morocco,2024-10-18,Teacher
S0850,Student 850,Male,39,Oman,2023-12-18,Unemployed
S0851,Student 851,Male,41,Lebanon,2023-10-18,Unemployed
S0852,Student 852,Female,43,Egypt,2024-01-03,Teacher
S0853,Student 853,Female,41,Oman,2023-03-08,Freelancer
S0854,Student 854,Female,39,Egypt,2025-05-01,Teacher
S0855,Student 855,Male,29,Saudi Arabia,2023-03-10,Engineer
S0856,Student 856,Female,43,Algeria,2025-01-05,Teacher
S0857,Student 857,Female,40,Syria,2024-06-14,Employee
S0858,Student 858,Male,27,Lebanon,2024-03-03,Employee
S0859,Student 859,Female,41,Saudi Arabia,2024-08-18,Unemployed
S0860,Student 860,Male,18,Saudi Arabia,2023-09-12,Teacher
S0861,Student 861,Female,43,Iraq,2023-02-05,Student
S0862,Student 862,Female,29,Oman,2023-01-23,Teacher
S0863,Student 863,Male,45,Algeria,2024-03-23,Employee
S0864,Student 864,Male,28,Morocco,2025-04-16,Engineer
S0865,Student 865,Female,40,Egypt,2023-08-25,Unemployed
S0866,Student 866,Male,21,Saudi Arabia,2023-11-02,Employee
S0867,Student 867,Female,26,Syria,2025-05-24,Student
S0868,Student 868,Female,45,Jordan,2024-01-12,Employee
S0869,Student 869,Female,47,Lebanon,2025-04-16,Employee
S0870,Student 870,Male,43,Morocco,2024-05-28,Unemployed
S0871,Student 871,Male,22,Algeria,2023-03-27,Freelancer
S0872,Student 872,Female,40,Lebanon,2025-03-11,Unemployed
S0873,Student 873,Male,29,Saudi Arabia,2023-10-28,Teacher
S0874,Student 874,Female,47,Saudi Arabia,2024-11-06,Freelancer
S0875,Student 875,Male,32,Oman,2024-03-31,Student
S0876,Student 876,Female,41,Iraq,2024-01-13,Employee
S0877,Student 877,Male,49,Saudi Arabia,2024-12-31,Student
S0878,Student 878,Female,22,Saudi Arabia,2024-01-22,Student
S0879,Student 879,Female,35,Syria,2024-12-24,Unemployed
S0880,Student 880,Female,46,UAE,2025-04-21,Teacher
S0881,Student 881,Male,22,UAE,2025-01-02,Engineer
S0882,Student 882,Female,23,Algeria,2025-04-11,Engineer
S0883,Student 883,Male,33,Algeria,2024-11-11,Engineer
S0884,Student 884,Male,35,Oman,2023-03-08,Student
S0885,Student 885,Male,35,Syria,2023-02-25,Freelancer
S0886,Student 886,Female,33,Syria,2023-12-20,Unemployed
S0887,Student 887,Female,49,UAE,2023-02-10,Unemployed
S0888,Student 888,Female,23,Jordan,2023-05-24,Freelancer
S0889,Student 889,Male,28,Oman,2024-05-08,Employee
S0890,Student 890,Male,18,Lebanon,2024-02-03,Teacher
S0891,Student 891,Male,38,Jordan,2025-04-30,Employee
S0892,Student 892,Male,41,Algeria,2023-02-14,Freelancer
S0893,Student 893,Female,48,Saudi Arabia,2025-03-08,Student
S0894,Student 894,Male,27,Lebanon,2024-06-26,Teacher
S0895,Student 895,Female,44,Lebanon,2025-03-06,Engineer
S0896,Student 896,Female,50,Oman,2023-10-05,Student
S0897,Student 897,Female,26,Iraq,2025-05-08,Engineer
S0898,Student 898,Male,36,Egypt,2023-10-20,Engineer
S0899,Student 899,Female,24,Morocco,2024-03-24,Student
S0900,Student 900,Female,23,Algeria,2023-11-30,Teacher
S0901,Student 901,Female,31,Morocco,2023-04-01,Unemployed
S0902,Student 902,Female,23,Jordan,2023-04-24,Freelancer
S0903,Student 903,Male,27,Iraq,2023-09-11,Student
S0904,Student 904,Male,26,Syria,2023-10-09,Engineer
S0905,Student 905,Male,20,Algeria,2023-10-18,Employee
S0906,Student 906,Female,41,Syria,2025-06-01,Employee
S0907,Student 907,Female,44,UAE,2023-07-07,Teacher
S0908,Student 908,Female,34,Syria,2025-01-05,Student
S0909,Student 909,Male,34,Syria,2023-04-07,Unemployed
S0910,Student 910,Female,47,UAE,2024-07-20,Employee
S0911,Student 911,Female,18,Morocco,2023-08-03,Employee
S0912,Student 912,Male,31,Saudi Arabia,2024-08-04,Student
S0913,Student 913,Female,24,Saudi Arabia,2023-11-28,Employee
S0914,Student 914,Female,30,Oman,2025-04-05,Teacher
S0915,Student 915,Female,47,Jordan,2024-02-18,Teacher
S0916,Student 916,Male,47,Egypt,2023-09-05,Teacher
S0917,Student 917,Male,26,Lebanon,2024-07-16,Employee
S0918,Student 918,Female,27,Jordan,2024-11-17,Engineer
S0919,Student 919,Male,38,Oman,2024-12-22,Teacher
S0920,Student 920,Male,47,Lebanon,2024-10-16,Student
S0921,Student 921,Male,22,UAE,2023-03-22,Employee
S0922,Student 922,Female,42,UAE,2024-01-04,Employee
S0923,Student 923,Female,20,Egypt,2024-12-08,Teacher
S0924,Student 924,Female,45,Iraq,2025-02-11,Unemployed
S0925,Student 925,Female,22,Lebanon,2025-05-11,Teacher
S0926,Student 926,Female,18,Iraq,2023-03-18,Engineer
S0927,Student 927,Male,30,Lebanon,2024-02-05,Teacher
S0928,Student 928,Male,24,Lebanon,2024-07-15,Teacher
S0929,Student 929,Female,46,Jordan,2025-05-10,Unemployed
S0930,Student 930,Female,38,UAE,2023-06-15,Freelancer
S0931,Student 931,Male,39,Morocco,2023-12-27,Employee
S0932,Student 932,Female,21,Oman,2025-02-12,Unemployed
S0933,Student 933,Female,48,UAE,2024-06-27,Teacher
S0934,Student 934,Female,44,Iraq,2024-06-09,Freelancer
S0935,Student 935,Female,31,Saudi Arabia,2024-12-25,Employee
S0936,Student 936,Male,49,UAE,2025-03-06,Employee
S0937,Student 937,Female,44,Oman,2023-01-14,Teacher
S0938,Student 938,Male,36,Egypt,2024-11-07,Student
S0939,Student 939,Male,21,Saudi Arabia,2024-12-14,Student
S0940,Student 940,Female,34,Saudi Arabia,2023-08-24,Student
S0941,Student 941,Male,29,Oman,2025-02-15,Student
S0942,Student 942,Female,25,Jordan,2023-12-04,Teacher
S0943,Student 943,Female,29,Egypt,2024-11-09,Employee
S0944,Student 944,Female,46,Oman,2023-03-27,Freelancer
S0945,Student 945,Male,38,Algeria,2025-06-05,Unemployed
S0946,Student 946,Male,49,Jordan,2025-01-28,Student
S0947,Student 947,Male,49,Iraq,2023-07-11,Unemployed
S0948,Student 948,Male,30,Egypt,2024-02-01,Engineer
S0949,Student 949,Male,18,Algeria,2023-04-26,Unemployed
S0950,Student 950,Male,48,Egypt,2024-01-20,Employee
